Fund,Weight
ABSL Small Cap,0.21139363520257273
Axis Small Cap,0.2047498202496398
Nippon Small Cap,0.2107111463829362
SBI Small Cap Direct,0.1927168347613965
SBI Small Cap Regular,0.1804285634034549
